<?xml version="1.0" encoding="UTF-8"?>
<project-private xmlns="http://www.netbeans.org/ns/project-private/1">
    <editor-bookmarks xmlns="http://www.netbeans.org/ns/editor-bookmarks/2" lastBookmarkId="0"/>
    <open-files xmlns="http://www.netbeans.org/ns/projectui-open-files/2">
        <group>
            <file>file:/C:/Users/Pamminnie/Documents/GitHub/Vimbox/app/web/HomePage.jsp</file>
            <file>file:/C:/Users/Pamminnie/Documents/GitHub/Vimbox/app/web/TicketForum.jsp</file>
            <file>file:/C:/Users/Pamminnie/Documents/GitHub/Vimbox/app/web/SearchCustomersByName.jsp</file>
            <file>file:/C:/Users/Pamminnie/Documents/GitHub/Vimbox/app/web/Login.jsp</file>
            <file>file:/C:/Users/Pamminnie/Documents/GitHub/Vimbox/app/web/MyTickets.jsp</file>
        </group>
    </open-files>
</project-private>
